sample	gene	diplotype	source
HG00276	cyp2b6	*1/*2	StarAlleleSearch_2024_PMC10811916
HG00276	cyp2c19	*1/*1	StarAlleleSearch_2024_PMC10811916
HG00276	cyp2c9	*1/*2	StarAlleleSearch_2024_PMC10811916
HG00276	cyp2d6	*4/*5	Cyrius_2021_PMC7997805
HG00276	cyp3a5	*3/*3	StarAlleleSearch_2024_PMC10811916
HG00276	dpyd	*1/*1	StarAlleleSearch_2024_PMC10811916
HG00276	nudt15	*1/*1	StarAlleleSearch_2024_PMC10811916
HG00276	slco1b1	*1/*15	StarAlleleSearch_2024_PMC10811916
HG00276	tpmt	*1/*16	GeTRM_Consolidated_2025_PMID40122159
HG00276	vkorc1	GA	GeTRM_Consolidated_2025_PMID40122159
HG00421	cyp2b6	*1/*1	StarAlleleSearch_2024_PMC10811916
HG00421	cyp2c19	*1/*38	StarAlleleSearch_2024_PMC10811916
HG00421	cyp2c9	*1/*3	StarAlleleSearch_2024_PMC10811916
HG00421	cyp2d6	*10x2/*2	Cyrius_2021_PMC7997805
HG00421	cyp3a5	*3/*3	StarAlleleSearch_2024_PMC10811916
HG00421	dpyd	rs1801160/*1	StarAlleleSearch_2024_PMC10811916
HG00421	nudt15	*1/*1	StarAlleleSearch_2024_PMC10811916
HG00421	slco1b1	*37/*37	StarAlleleSearch_2024_PMC10811916
HG00436	cyp2b6	*1/*9	StarAlleleSearch_2024_PMC10811916
HG00436	cyp2c19	*1/*1	StarAlleleSearch_2024_PMC10811916
HG00436	cyp2c9	*1/*1	StarAlleleSearch_2024_PMC10811916
HG00436	cyp2d6	*2x2/*71	Cyrius_2021_PMC7997805
HG00436	cyp3a5	*3/*3	StarAlleleSearch_2024_PMC10811916
HG00436	dpyd	*1/*1	StarAlleleSearch_2024_PMC10811916
HG00436	nudt15	*1/*1	StarAlleleSearch_2024_PMC10811916
HG00436	slco1b1	*37/*37	StarAlleleSearch_2024_PMC10811916
HG00436	tpmt	*1/*1	GeTRM_Consolidated_2025_PMID40122159
HG00436	vkorc1	GA	GeTRM_Consolidated_2025_PMID40122159
HG00463	cyp2b6	*1/*9	StarAlleleSearch_2024_PMC10811916
HG00463	cyp2c19	*3/*1	StarAlleleSearch_2024_PMC10811916
HG00463	cyp2c9	*1/*1	StarAlleleSearch_2024_PMC10811916
HG00463	cyp2d6	*36+*10/*36+*10	Cyrius_2021_PMC7997805
HG00463	cyp3a5	*3/*3	StarAlleleSearch_2024_PMC10811916
HG00463	dpyd	*1/*1	StarAlleleSearch_2024_PMC10811916
HG00463	nudt15	*3/*1	StarAlleleSearch_2024_PMC10811916
HG00463	slco1b1	*15/*15	StarAlleleSearch_2024_PMC10811916
HG00731	cyp2b6	*9/*1	StarAlleleSearch_2024_PMC10811916
HG00731	cyp2c19	*1/*17	StarAlleleSearch_2024_PMC10811916
HG00731	cyp2c9	*2/*1	StarAlleleSearch_2024_PMC10811916
HG00731	cyp2d6	*4/*68+*4	Cyrius_2021_PMC7997805
HG00731	cyp3a5	*3/*3	StarAlleleSearch_2024_PMC10811916
HG00731	dpyd	*Amb/rs17376848	StarAlleleSearch_2024_PMC10811916
HG00731	nudt15	*1/*1	StarAlleleSearch_2024_PMC10811916
HG00731	slco1b1	*1/*1	StarAlleleSearch_2024_PMC10811916
HG01190	cyp2b6	*1/*Amb	StarAlleleSearch_2024_PMC10811916
HG01190	cyp2c19	*1/*2	StarAlleleSearch_2024_PMC10811916
HG01190	cyp2c9	*61/*1	StarAlleleSearch_2024_PMC10811916
HG01190	cyp2d6	*5/*68+*4	Cyrius_2021_PMC7997805
HG01190	cyp3a5	*1/*1	StarAlleleSearch_2024_PMC10811916
HG01190	dpyd	*1/rs1801265	StarAlleleSearch_2024_PMC10811916
HG01190	nudt15	*1/*1	StarAlleleSearch_2024_PMC10811916
HG01190	slco1b1	*1/*1	StarAlleleSearch_2024_PMC10811916
HG01190	tpmt	*1/*1	GeTRM_Consolidated_2025_PMID40122159
HG01190	vkorc1	GG	GeTRM_Consolidated_2025_PMID40122159
HG02373	cyp2b6	*1/*1	StarAlleleSearch_2024_PMC10811916
HG02373	cyp2c19	*2/*1	StarAlleleSearch_2024_PMC10811916
HG02373	cyp2c9	*1/*1	StarAlleleSearch_2024_PMC10811916
HG02373	cyp2d6	*14/*36+*10	Cyrius_2021_PMC7997805
HG02373	cyp3a5	*1/*3	StarAlleleSearch_2024_PMC10811916
HG02373	dpyd	rs1801159/rs1801159	StarAlleleSearch_2024_PMC10811916
HG02373	nudt15	*1/*1	StarAlleleSearch_2024_PMC10811916
HG02373	slco1b1	*37/*37	StarAlleleSearch_2024_PMC10811916
HG03225	cyp2b6	*Amb/*1	StarAlleleSearch_2024_PMC10811916
HG03225	cyp2c19	*1/*17	StarAlleleSearch_2024_PMC10811916
HG03225	cyp2c9	*1/*1	StarAlleleSearch_2024_PMC10811916
HG03225	cyp2d6	*56/*5	Cyrius_2021_PMC7997805
HG03225	cyp3a5	*1/*1	StarAlleleSearch_2024_PMC10811916
HG03225	dpyd	*1/*Amb	StarAlleleSearch_2024_PMC10811916
HG03225	nudt15	*1/*1	StarAlleleSearch_2024_PMC10811916
HG03225	slco1b1	*27/*1	StarAlleleSearch_2024_PMC10811916
HG03246	cyp2b6	*Amb/*9	StarAlleleSearch_2024_PMC10811916
HG03246	cyp2c19	*9/*17	StarAlleleSearch_2024_PMC10811916
HG03246	cyp2c9	*1/*1	StarAlleleSearch_2024_PMC10811916
HG03246	cyp2d6	*43/*5	Cyrius_2021_PMC7997805
HG03246	cyp3a5	*3/*6	StarAlleleSearch_2024_PMC10811916
HG03246	dpyd	*1/*Amb	StarAlleleSearch_2024_PMC10811916
HG03246	nudt15	*1/*1	StarAlleleSearch_2024_PMC10811916
HG03246	slco1b1	*Amb/*37	StarAlleleSearch_2024_PMC10811916
HG03259	cyp2b6	*1/*2	StarAlleleSearch_2024_PMC10811916
HG03259	cyp2c19	*2/*1	StarAlleleSearch_2024_PMC10811916
HG03259	cyp2c9	*1/*1	StarAlleleSearch_2024_PMC10811916
HG03259	cyp2d6	*106/*5	Cyrius_2021_PMC7997805
HG03259	cyp3a5	*1/*3	StarAlleleSearch_2024_PMC10811916
HG03259	dpyd	*1/rs1801265	StarAlleleSearch_2024_PMC10811916
HG03259	nudt15	*1/*1	StarAlleleSearch_2024_PMC10811916
HG03259	slco1b1	*37/*31	StarAlleleSearch_2024_PMC10811916
NA07000	cyp2b6	*1/*1	StarAlleleSearch_2024_PMC10811916
NA07000	cyp2c19	*17/*1	StarAlleleSearch_2024_PMC10811916
NA07000	cyp2c9	*1/*1	StarAlleleSearch_2024_PMC10811916
NA07000	cyp3a5	*3/*1	StarAlleleSearch_2024_PMC10811916
NA07000	dpyd	*1/*1	StarAlleleSearch_2024_PMC10811916
NA07000	nudt15	*1/*1	StarAlleleSearch_2024_PMC10811916
NA07000	slco1b1	*15/*1	StarAlleleSearch_2024_PMC10811916
NA07000	tpmt	*1/*1	GeTRM_Consolidated_2025_PMID40122159
NA07000	vkorc1	GA	GeTRM_Consolidated_2025_PMID40122159
NA10831	cyp2b6	*1/*1	StarAlleleSearch_2024_PMC10811916
NA10831	cyp2c19	*17/*1	StarAlleleSearch_2024_PMC10811916
NA10831	cyp2c9	*1/*2	StarAlleleSearch_2024_PMC10811916
NA10831	cyp2d6	*4/*5	Cyrius_2021_PMC7997805
NA10831	cyp3a5	*3/*3	StarAlleleSearch_2024_PMC10811916
NA10831	dpyd	rs1801265/*Amb	StarAlleleSearch_2024_PMC10811916
NA10831	nudt15	*1/*1	StarAlleleSearch_2024_PMC10811916
NA10831	slco1b1	*14/*1	StarAlleleSearch_2024_PMC10811916
NA10831	tpmt	*1/*1	GeTRM_Consolidated_2025_PMID40122159
NA10831	vkorc1	AA	GeTRM_Consolidated_2025_PMID40122159
NA11832	cyp2b6	*1/*1	StarAlleleSearch_2024_PMC10811916
NA11832	cyp2c19	*2/*38	StarAlleleSearch_2024_PMC10811916
NA11832	cyp2c9	*1/*3	StarAlleleSearch_2024_PMC10811916
NA11832	cyp2d6	*1/*68+*4	Cyrius_2021_PMC7997805
NA11832	cyp3a5	*3/*3	StarAlleleSearch_2024_PMC10811916
NA11832	dpyd	rs1801159/rs2297595	StarAlleleSearch_2024_PMC10811916
NA11832	nudt15	*1/*1	StarAlleleSearch_2024_PMC10811916
NA11832	slco1b1	*14/*20	StarAlleleSearch_2024_PMC10811916
NA11832	tpmt	*1/*1	GeTRM_Consolidated_2025_PMID40122159
NA11832	vkorc1	GG	GeTRM_Consolidated_2025_PMID40122159
NA12154	cyp2b6	*1/*9	StarAlleleSearch_2024_PMC10811916
NA12154	cyp2c19	*17/*1	StarAlleleSearch_2024_PMC10811916
NA12154	cyp2c9	*1/*1	StarAlleleSearch_2024_PMC10811916
NA12154	cyp2d6	*33/*68+*4	Cyrius_2021_PMC7997805
NA12154	cyp3a5	*3/*3	StarAlleleSearch_2024_PMC10811916
NA12154	dpyd	*1/*1	StarAlleleSearch_2024_PMC10811916
NA12154	nudt15	*1/*1	StarAlleleSearch_2024_PMC10811916
NA12154	slco1b1	*1/*20	StarAlleleSearch_2024_PMC10811916
NA12873	cyp2b6	*9/*1	StarAlleleSearch_2024_PMC10811916
NA12873	cyp2c19	*17/*1	StarAlleleSearch_2024_PMC10811916
NA12873	cyp2c9	*1/*1	StarAlleleSearch_2024_PMC10811916
NA12873	cyp2d6	*1/*5	Cyrius_2021_PMC7997805
NA12873	cyp3a5	*3/*3	StarAlleleSearch_2024_PMC10811916
NA12873	dpyd	*1/*1	StarAlleleSearch_2024_PMC10811916
NA12873	nudt15	*1/*1	StarAlleleSearch_2024_PMC10811916
NA12873	slco1b1	*1/*1	StarAlleleSearch_2024_PMC10811916
NA12873	tpmt	*1/*1	GeTRM_Consolidated_2025_PMID40122159
NA12873	vkorc1	GG	GeTRM_Consolidated_2025_PMID40122159
NA12878	cyp2b6	*1/*1	StarAlleleSearch_2024_PMC10811916
NA12878	cyp2c19	*2/*1	StarAlleleSearch_2024_PMC10811916
NA12878	cyp2c9	*1/*2	StarAlleleSearch_2024_PMC10811916
NA12878	cyp2d6	*3/*68+*4	Cyrius_2021_PMC7997805
NA12878	cyp3a5	*3/*3	StarAlleleSearch_2024_PMC10811916
NA12878	dpyd	rs1801158/rs1801159	StarAlleleSearch_2024_PMC10811916
NA12878	nudt15	*1/*1	StarAlleleSearch_2024_PMC10811916
NA12878	slco1b1	*1/*15	StarAlleleSearch_2024_PMC10811916
NA12878	tpmt	*1/*1	GeTRM_Consolidated_2025_PMID40122159
NA12878	vkorc1	GA	GeTRM_Consolidated_2025_PMID40122159
NA12892	cyp2b6	*Amb/*1	StarAlleleSearch_2024_PMC10811916
NA12892	cyp2c19	*1/*1	StarAlleleSearch_2024_PMC10811916
NA12892	cyp2c9	*2/*1	StarAlleleSearch_2024_PMC10811916
NA12892	cyp3a5	*3/*3	StarAlleleSearch_2024_PMC10811916
NA12892	dpyd	rs1801159/*1	StarAlleleSearch_2024_PMC10811916
NA12892	nudt15	*1/*1	StarAlleleSearch_2024_PMC10811916
NA12892	slco1b1	*1/*15	StarAlleleSearch_2024_PMC10811916
NA12892	tpmt	*1/*1	GeTRM_Consolidated_2025_PMID40122159
NA12892	vkorc1	GA	GeTRM_Consolidated_2025_PMID40122159
NA18519	cyp2b6	*Amb/*9	StarAlleleSearch_2024_PMC10811916
NA18519	cyp2c19	*17/*1	StarAlleleSearch_2024_PMC10811916
NA18519	cyp2c9	*1/*5	StarAlleleSearch_2024_PMC10811916
NA18519	cyp2d6	*106/*29	Cyrius_2021_PMC7997805
NA18519	cyp3a5	*6/*1	StarAlleleSearch_2024_PMC10811916
NA18519	dpyd	rs1801265/rs1801265	StarAlleleSearch_2024_PMC10811916
NA18519	nudt15	*1/*1	StarAlleleSearch_2024_PMC10811916
NA18519	slco1b1	*37/*37	StarAlleleSearch_2024_PMC10811916
NA18519	tpmt	*1/*1	GeTRM_Consolidated_2025_PMID40122159
NA18519	vkorc1	GG	GeTRM_Consolidated_2025_PMID40122159
NA18526	cyp2b6	*1/*1	StarAlleleSearch_2024_PMC10811916
NA18526	cyp2c19	*1/*1	StarAlleleSearch_2024_PMC10811916
NA18526	cyp2c9	*1/*1	StarAlleleSearch_2024_PMC10811916
NA18526	cyp2d6	*1/*36+*36+*10	Cyrius_2021_PMC7997805
NA18526	cyp3a5	*1/*1	StarAlleleSearch_2024_PMC10811916
NA18526	dpyd	*1/*1	StarAlleleSearch_2024_PMC10811916
NA18526	nudt15	*1/*3	StarAlleleSearch_2024_PMC10811916
NA18526	slco1b1	*15/*1	StarAlleleSearch_2024_PMC10811916
NA18526	tpmt	*1/*1	GeTRM_Consolidated_2025_PMID40122159
NA18526	vkorc1	AA	GeTRM_Consolidated_2025_PMID40122159
NA18545	cyp2b6	*1/*1	StarAlleleSearch_2024_PMC10811916
NA18545	cyp2c19	*1/*2	StarAlleleSearch_2024_PMC10811916
NA18545	cyp2c9	*1/*1	StarAlleleSearch_2024_PMC10811916
NA18545	cyp2d6	*36+*10/*36+*10	Cyrius_2021_PMC7997805
NA18545	cyp3a5	*1/*3	StarAlleleSearch_2024_PMC10811916
NA18545	dpyd	rs17376848/rs17376848	StarAlleleSearch_2024_PMC10811916
NA18545	nudt15	*1/*1	StarAlleleSearch_2024_PMC10811916
NA18545	slco1b1	*37/*37	StarAlleleSearch_2024_PMC10811916
NA18563	cyp2b6	*1/*1	StarAlleleSearch_2024_PMC10811916
NA18563	cyp2c19	*1/*38	StarAlleleSearch_2024_PMC10811916
NA18563	cyp2c9	*1/*3	StarAlleleSearch_2024_PMC10811916
NA18563	cyp2d6	*1/*36+*10	Cyrius_2021_PMC7997805
NA18563	cyp3a5	*1/*1	StarAlleleSearch_2024_PMC10811916
NA18563	dpyd	rs1801159/*1	StarAlleleSearch_2024_PMC10811916
NA18563	nudt15	*1/*1	StarAlleleSearch_2024_PMC10811916
NA18563	slco1b1	*1/*15	StarAlleleSearch_2024_PMC10811916
NA18563	tpmt	*1/*1	GeTRM_Consolidated_2025_PMID40122159
NA18563	vkorc1	AA	GeTRM_Consolidated_2025_PMID40122159
NA18564	cyp2b6	*1/*1	StarAlleleSearch_2024_PMC10811916
NA18564	cyp2c19	*3/*2	StarAlleleSearch_2024_PMC10811916
NA18564	cyp2c9	*1/*1	StarAlleleSearch_2024_PMC10811916
NA18564	cyp2d6	*2/*36+*10	Cyrius_2021_PMC7997805
NA18564	cyp3a5	*1/*1	StarAlleleSearch_2024_PMC10811916
NA18564	dpyd	*1/*Amb	StarAlleleSearch_2024_PMC10811916
NA18564	nudt15	*3/*1	StarAlleleSearch_2024_PMC10811916
NA18564	slco1b1	*1/*37	StarAlleleSearch_2024_PMC10811916
NA18564	tpmt	*1/*1	GeTRM_Consolidated_2025_PMID40122159
NA18564	vkorc1	AA	GeTRM_Consolidated_2025_PMID40122159
NA18565	cyp2b6	*1/*1	StarAlleleSearch_2024_PMC10811916
NA18565	cyp2c19	*1/*1	StarAlleleSearch_2024_PMC10811916
NA18565	cyp2c9	*1/*1	StarAlleleSearch_2024_PMC10811916
NA18565	cyp2d6	*36/*36+*10	Cyrius_2021_PMC7997805
NA18565	cyp3a5	*3/*1	StarAlleleSearch_2024_PMC10811916
NA18565	dpyd	*1/*1	StarAlleleSearch_2024_PMC10811916
NA18565	nudt15	*1/*1	StarAlleleSearch_2024_PMC10811916
NA18565	slco1b1	*1/*1	StarAlleleSearch_2024_PMC10811916
NA18565	tpmt	*1/*1	GeTRM_Consolidated_2025_PMID40122159
NA18565	vkorc1	AA	GeTRM_Consolidated_2025_PMID40122159
NA18572	cyp2b6	*1/*1	StarAlleleSearch_2024_PMC10811916
NA18572	cyp2c19	*1/*1	StarAlleleSearch_2024_PMC10811916
NA18572	cyp2c9	*1/*1	StarAlleleSearch_2024_PMC10811916
NA18572	cyp2d6	*41/*36+*10	Cyrius_2021_PMC7997805
NA18572	cyp3a5	*1/*3	StarAlleleSearch_2024_PMC10811916
NA18572	dpyd	*1/rs1801159	StarAlleleSearch_2024_PMC10811916
NA18572	nudt15	*1/*1	StarAlleleSearch_2024_PMC10811916
NA18572	slco1b1	*37/*37	StarAlleleSearch_2024_PMC10811916
NA18572	tpmt	*1/*1	GeTRM_Consolidated_2025_PMID40122159
NA18572	vkorc1	AA	GeTRM_Consolidated_2025_PMID40122159
NA18617	cyp2b6	*1/*1	StarAlleleSearch_2024_PMC10811916
NA18617	cyp2c19	*1/*2	StarAlleleSearch_2024_PMC10811916
NA18617	cyp2c9	*1/*1	StarAlleleSearch_2024_PMC10811916
NA18617	cyp2d6	*36+*10/*36+*10	Cyrius_2021_PMC7997805
NA18617	cyp3a5	*3/*3	StarAlleleSearch_2024_PMC10811916
NA18617	dpyd	*1/*1	StarAlleleSearch_2024_PMC10811916
NA18617	nudt15	*1/*1	StarAlleleSearch_2024_PMC10811916
NA18617	slco1b1	*37/*37	StarAlleleSearch_2024_PMC10811916
NA18617	tpmt	*1/*1	GeTRM_Consolidated_2025_PMID40122159
NA18617	vkorc1	AA	GeTRM_Consolidated_2025_PMID40122159
NA18632	cyp2b6	*1/*1	StarAlleleSearch_2024_PMC10811916
NA18632	cyp2c19	*1/*2	StarAlleleSearch_2024_PMC10811916
NA18632	cyp2c9	*1/*1	StarAlleleSearch_2024_PMC10811916
NA18632	cyp2d6	*52/*36+*36+*10	Cyrius_2021_PMC7997805
NA18632	cyp3a5	*3/*3	StarAlleleSearch_2024_PMC10811916
NA18632	dpyd	*1/*1	StarAlleleSearch_2024_PMC10811916
NA18632	nudt15	*1/*1	StarAlleleSearch_2024_PMC10811916
NA18632	slco1b1	*37/*37	StarAlleleSearch_2024_PMC10811916
NA18642	cyp2b6	*1/*1	StarAlleleSearch_2024_PMC10811916
NA18642	cyp2c19	*38/*1	StarAlleleSearch_2024_PMC10811916
NA18642	cyp2c9	*3/*1	StarAlleleSearch_2024_PMC10811916
NA18642	cyp2d6	*1+*90/*36+*10	Cyrius_2021_PMC7997805
NA18642	cyp3a5	*3/*3	StarAlleleSearch_2024_PMC10811916
NA18642	dpyd	*Amb/*1	StarAlleleSearch_2024_PMC10811916
NA18642	nudt15	*1/*1	StarAlleleSearch_2024_PMC10811916
NA18642	slco1b1	*29/*37	StarAlleleSearch_2024_PMC10811916
NA18855	cyp2b6	*9/*9	StarAlleleSearch_2024_PMC10811916
NA18855	cyp2c19	*2/*1	StarAlleleSearch_2024_PMC10811916
NA18855	cyp2c9	*1/*9	StarAlleleSearch_2024_PMC10811916
NA18855	cyp2d6	*1/*5	Cyrius_2021_PMC7997805
NA18855	cyp3a5	*6/*3	StarAlleleSearch_2024_PMC10811916
NA18855	dpyd	*Amb/rs1801265	StarAlleleSearch_2024_PMC10811916
NA18855	nudt15	*1/*1	StarAlleleSearch_2024_PMC10811916
NA18855	slco1b1	*37/*37	StarAlleleSearch_2024_PMC10811916
NA18855	tpmt	*1/*3C	GeTRM_Consolidated_2025_PMID40122159
NA18855	vkorc1	GG	GeTRM_Consolidated_2025_PMID40122159
NA18861	cyp2b6	*1/*18	StarAlleleSearch_2024_PMC10811916
NA18861	cyp2c19	*1/*1	StarAlleleSearch_2024_PMC10811916
NA18861	cyp2c9	*1/*1	StarAlleleSearch_2024_PMC10811916
NA18861	cyp2d6	*29/*5	Cyrius_2021_PMC7997805
NA18861	cyp3a5	*1/*1	StarAlleleSearch_2024_PMC10811916
NA18861	dpyd	rs1801265/*1	StarAlleleSearch_2024_PMC10811916
NA18861	nudt15	*1/*1	StarAlleleSearch_2024_PMC10811916
NA18861	slco1b1	*1/*43	StarAlleleSearch_2024_PMC10811916
NA18861	tpmt	*1/*1	GeTRM_Consolidated_2025_PMID40122159
NA18861	vkorc1	GG	GeTRM_Consolidated_2025_PMID40122159
NA18868	cyp2b6	*9/*1	StarAlleleSearch_2024_PMC10811916
NA18868	cyp2c19	*1/*2	StarAlleleSearch_2024_PMC10811916
NA18868	cyp2c9	*1/*1	StarAlleleSearch_2024_PMC10811916
NA18868	cyp2d6	*2/*5	Cyrius_2021_PMC7997805
NA18868	cyp3a5	*1/*3	StarAlleleSearch_2024_PMC10811916
NA18868	dpyd	*1/rs1801265	StarAlleleSearch_2024_PMC10811916
NA18868	nudt15	*1/*1	StarAlleleSearch_2024_PMC10811916
NA18868	slco1b1	*44/*37	StarAlleleSearch_2024_PMC10811916
NA18868	tpmt	*1/*1	GeTRM_Consolidated_2025_PMID40122159
NA18868	vkorc1	GG	GeTRM_Consolidated_2025_PMID40122159
NA18945	cyp2b6	*9/*Amb	StarAlleleSearch_2024_PMC10811916
NA18945	cyp2c19	*1/*2	StarAlleleSearch_2024_PMC10811916
NA18945	cyp2c9	*1/*1	StarAlleleSearch_2024_PMC10811916
NA18945	cyp2d6	*1/*5	Cyrius_2021_PMC7997805
NA18945	cyp3a5	*1/*3	StarAlleleSearch_2024_PMC10811916
NA18945	dpyd	*1/rs17376848	StarAlleleSearch_2024_PMC10811916
NA18945	nudt15	*3/*1	StarAlleleSearch_2024_PMC10811916
NA18945	slco1b1	*37/*1	StarAlleleSearch_2024_PMC10811916
NA18945	tpmt	*1/*1	GeTRM_Consolidated_2025_PMID40122159
NA18945	vkorc1	GA	GeTRM_Consolidated_2025_PMID40122159
NA18959	cyp2b6	*1/*1	StarAlleleSearch_2024_PMC10811916
NA18959	cyp2c19	*38/*1	StarAlleleSearch_2024_PMC10811916
NA18959	cyp2c9	*3/*1	StarAlleleSearch_2024_PMC10811916
NA18959	cyp2d6	*2/*36+*10	Cyrius_2021_PMC7997805
NA18959	cyp3a5	*1/*3	StarAlleleSearch_2024_PMC10811916
NA18959	dpyd	*1/*1	StarAlleleSearch_2024_PMC10811916
NA18959	nudt15	*1/*1	StarAlleleSearch_2024_PMC10811916
NA18959	slco1b1	*37/*37	StarAlleleSearch_2024_PMC10811916
NA18959	tpmt	*1/*1	GeTRM_Consolidated_2025_PMID40122159
NA18959	vkorc1	AA	GeTRM_Consolidated_2025_PMID40122159
NA18980	cyp2b6	*9/*9	StarAlleleSearch_2024_PMC10811916
NA18980	cyp2c19	*1/*1	StarAlleleSearch_2024_PMC10811916
NA18980	cyp2c9	*1/*1	StarAlleleSearch_2024_PMC10811916
NA18980	cyp2d6	*2/*36+*10	Cyrius_2021_PMC7997805
NA18980	cyp3a5	*1/*3	StarAlleleSearch_2024_PMC10811916
NA18980	dpyd	rs1801159/*1	StarAlleleSearch_2024_PMC10811916
NA18980	nudt15	*1/*1	StarAlleleSearch_2024_PMC10811916
NA18980	slco1b1	*37/*1	StarAlleleSearch_2024_PMC10811916
NA18980	tpmt	*1/*1	GeTRM_Consolidated_2025_PMID40122159
NA18980	vkorc1	GA	GeTRM_Consolidated_2025_PMID40122159
NA18992	cyp2b6	*1/*9	StarAlleleSearch_2024_PMC10811916
NA18992	cyp2c19	*1/*1	StarAlleleSearch_2024_PMC10811916
NA18992	cyp2c9	*1/*1	StarAlleleSearch_2024_PMC10811916
NA18992	cyp2d6	*1/*5	Cyrius_2021_PMC7997805
NA18992	cyp3a5	*3/*3	StarAlleleSearch_2024_PMC10811916
NA18992	dpyd	rs17376848/*1	StarAlleleSearch_2024_PMC10811916
NA18992	nudt15	*1/*3	StarAlleleSearch_2024_PMC10811916
NA18992	slco1b1	*1/*15	StarAlleleSearch_2024_PMC10811916
NA18992	tpmt	*1/*1	GeTRM_Consolidated_2025_PMID40122159
NA18992	vkorc1	AA	GeTRM_Consolidated_2025_PMID40122159
NA19035	cyp2b6	*9/*1	StarAlleleSearch_2024_PMC10811916
NA19035	cyp2c19	*17/*17	StarAlleleSearch_2024_PMC10811916
NA19035	cyp2c9	*1/*1	StarAlleleSearch_2024_PMC10811916
NA19035	cyp2d6	*2/*5	Cyrius_2021_PMC7997805
NA19035	cyp3a5	*7/*1	StarAlleleSearch_2024_PMC10811916
NA19035	dpyd	*1/*Amb	StarAlleleSearch_2024_PMC10811916
NA19035	nudt15	*1/*1	StarAlleleSearch_2024_PMC10811916
NA19035	slco1b1	*37/*Amb	StarAlleleSearch_2024_PMC10811916
NA19035	tpmt	*3C/*3C	GeTRM_Consolidated_2025_PMID40122159
NA19035	vkorc1	GG	GeTRM_Consolidated_2025_PMID40122159
NA19109	cyp2b6	*1/*9	StarAlleleSearch_2024_PMC10811916
NA19109	cyp2c19	*17/*17	StarAlleleSearch_2024_PMC10811916
NA19109	cyp2c9	*1/*1	StarAlleleSearch_2024_PMC10811916
NA19109	cyp2d6	*2x2/*29	Cyrius_2021_PMC7997805
NA19109	cyp3a5	*3/*1	StarAlleleSearch_2024_PMC10811916
NA19109	dpyd	*Amb/*1	StarAlleleSearch_2024_PMC10811916
NA19109	nudt15	*1/*1	StarAlleleSearch_2024_PMC10811916
NA19109	slco1b1	*15/*37	StarAlleleSearch_2024_PMC10811916
NA19109	tpmt	*1/*1	GeTRM_Consolidated_2025_PMID40122159
NA19109	vkorc1	GG	GeTRM_Consolidated_2025_PMID40122159
NA19122	cyp2b6	*9/*9	StarAlleleSearch_2024_PMC10811916
NA19122	cyp2c19	*2/*Amb	StarAlleleSearch_2024_PMC10811916
NA19122	cyp2c9	*1/*11	StarAlleleSearch_2024_PMC10811916
NA19122	cyp3a5	*1/*1	StarAlleleSearch_2024_PMC10811916
NA19122	dpyd	*1/*1	StarAlleleSearch_2024_PMC10811916
NA19122	nudt15	*1/*1	StarAlleleSearch_2024_PMC10811916
NA19122	slco1b1	*37/*37	StarAlleleSearch_2024_PMC10811916
NA19122	tpmt	*1/*1	GeTRM_Consolidated_2025_PMID40122159
NA19122	vkorc1	GG	GeTRM_Consolidated_2025_PMID40122159
NA19143	cyp2b6	*9/*9	StarAlleleSearch_2024_PMC10811916
NA19143	cyp2c19	*39/*1	StarAlleleSearch_2024_PMC10811916
NA19143	cyp2c9	*1/*1	StarAlleleSearch_2024_PMC10811916
NA19143	cyp3a5	*7/*6	StarAlleleSearch_2024_PMC10811916
NA19143	dpyd	*1/*1	StarAlleleSearch_2024_PMC10811916
NA19143	nudt15	*1/*1	StarAlleleSearch_2024_PMC10811916
NA19143	slco1b1	*37/*37	StarAlleleSearch_2024_PMC10811916
NA19143	tpmt	*1/*1	GeTRM_Consolidated_2025_PMID40122159
NA19143	vkorc1	GG	GeTRM_Consolidated_2025_PMID40122159
NA19207	cyp2b6	*9/*1	StarAlleleSearch_2024_PMC10811916
NA19207	cyp2c19	*2/*17	StarAlleleSearch_2024_PMC10811916
NA19207	cyp2c9	*1/*1	StarAlleleSearch_2024_PMC10811916
NA19207	cyp2d6	*10/*2x2	Cyrius_2021_PMC7997805
NA19207	cyp3a5	*3/*7	StarAlleleSearch_2024_PMC10811916
NA19207	dpyd	*1/*Amb	StarAlleleSearch_2024_PMC10811916
NA19207	nudt15	*1/*1	StarAlleleSearch_2024_PMC10811916
NA19207	slco1b1	*37/*41	StarAlleleSearch_2024_PMC10811916
NA19207	tpmt	*1/*1	GeTRM_Consolidated_2025_PMID40122159
NA19207	vkorc1	GG	GeTRM_Consolidated_2025_PMID40122159
NA19226	cyp2b6	*Amb/*9	StarAlleleSearch_2024_PMC10811916
NA19226	cyp2c19	*2/*1	StarAlleleSearch_2024_PMC10811916
NA19226	cyp2c9	*1/*8	StarAlleleSearch_2024_PMC10811916
NA19226	cyp2d6	*2/*2x2	Cyrius_2021_PMC7997805
NA19226	cyp3a5	*1/*6	StarAlleleSearch_2024_PMC10811916
NA19226	dpyd	*1/*Amb	StarAlleleSearch_2024_PMC10811916
NA19226	nudt15	*1/*1	StarAlleleSearch_2024_PMC10811916
NA19226	slco1b1	*31/*37	StarAlleleSearch_2024_PMC10811916
NA19226	tpmt	*1/*1	GeTRM_Consolidated_2025_PMID40122159
NA19226	vkorc1	GG	GeTRM_Consolidated_2025_PMID40122159
NA19238	cyp2b6	*9/*1	StarAlleleSearch_2024_PMC10811916
NA19238	cyp2c19	*1/*1	StarAlleleSearch_2024_PMC10811916
NA19238	cyp2c9	*1/*1	StarAlleleSearch_2024_PMC10811916
NA19238	cyp3a5	*1/*1	StarAlleleSearch_2024_PMC10811916
NA19238	dpyd	rs1801265/*Amb	StarAlleleSearch_2024_PMC10811916
NA19238	nudt15	*1/*1	StarAlleleSearch_2024_PMC10811916
NA19238	slco1b1	*20/*37	StarAlleleSearch_2024_PMC10811916
NA19238	tpmt	*1/*1	GeTRM_Consolidated_2025_PMID40122159
NA19238	vkorc1	GG	GeTRM_Consolidated_2025_PMID40122159
NA19239	cyp2b6	*9/*1	StarAlleleSearch_2024_PMC10811916
NA19239	cyp2c19	*13/*17	StarAlleleSearch_2024_PMC10811916
NA19239	cyp2c9	*1/*1	StarAlleleSearch_2024_PMC10811916
NA19239	cyp3a5	*1/*1	StarAlleleSearch_2024_PMC10811916
NA19239	dpyd	rs1801265/*1	StarAlleleSearch_2024_PMC10811916
NA19239	nudt15	*1/*1	StarAlleleSearch_2024_PMC10811916
NA19239	slco1b1	*37/*37	StarAlleleSearch_2024_PMC10811916
NA19239	tpmt	*1/*1	GeTRM_Consolidated_2025_PMID40122159
NA19239	vkorc1	GG	GeTRM_Consolidated_2025_PMID40122159
NA19317	cyp2b6	*1/*9	StarAlleleSearch_2024_PMC10811916
NA19317	cyp2c19	*1/*17	StarAlleleSearch_2024_PMC10811916
NA19317	cyp2c9	*9/*1	StarAlleleSearch_2024_PMC10811916
NA19317	cyp2d6	*5/*5	Cyrius_2021_PMC7997805
NA19317	cyp3a5	*6/*7	StarAlleleSearch_2024_PMC10811916
NA19317	dpyd	rs1801265/rs1801159	StarAlleleSearch_2024_PMC10811916
NA19317	nudt15	*1/*1	StarAlleleSearch_2024_PMC10811916
NA19317	slco1b1	*1/*Amb	StarAlleleSearch_2024_PMC10811916
NA19785	cyp2b6	*Amb/*1	StarAlleleSearch_2024_PMC10811916
NA19785	cyp2c19	*1/*1	StarAlleleSearch_2024_PMC10811916
NA19785	cyp2c9	*1/*1	StarAlleleSearch_2024_PMC10811916
NA19785	cyp2d6	*13+*2/*1	Cyrius_2021_PMC7997805
NA19785	cyp3a5	*1/*3	StarAlleleSearch_2024_PMC10811916
NA19785	dpyd	*1/*1	StarAlleleSearch_2024_PMC10811916
NA19785	nudt15	*1/*1	StarAlleleSearch_2024_PMC10811916
NA19785	slco1b1	*1/*37	StarAlleleSearch_2024_PMC10811916
NA19785	tpmt	*1/*1	GeTRM_Consolidated_2025_PMID40122159
NA19785	vkorc1	AA	GeTRM_Consolidated_2025_PMID40122159
NA19819	cyp2b6	*1/*1	StarAlleleSearch_2024_PMC10811916
NA19819	cyp2c19	*17/*1	StarAlleleSearch_2024_PMC10811916
NA19819	cyp2c9	*1/*1	StarAlleleSearch_2024_PMC10811916
NA19819	cyp2d6	*2/*4x2	Cyrius_2021_PMC7997805
NA19819	cyp3a5	*6/*3	StarAlleleSearch_2024_PMC10811916
NA19819	dpyd	*1/*Amb	StarAlleleSearch_2024_PMC10811916
NA19819	nudt15	*1/*1	StarAlleleSearch_2024_PMC10811916
NA19819	slco1b1	*37/*37	StarAlleleSearch_2024_PMC10811916
NA19819	tpmt	*1/*1	GeTRM_Consolidated_2025_PMID40122159
NA19819	vkorc1	GA	GeTRM_Consolidated_2025_PMID40122159
NA19920	cyp2b6	*9/*9	StarAlleleSearch_2024_PMC10811916
NA19920	cyp2c19	*1/*1	StarAlleleSearch_2024_PMC10811916
NA19920	cyp2c9	*1/*1	StarAlleleSearch_2024_PMC10811916
NA19920	cyp2d6	*1/*4x2	Cyrius_2021_PMC7997805
NA19920	cyp3a5	*7/*7	StarAlleleSearch_2024_PMC10811916
NA19920	dpyd	rs1801265/rs1801265	StarAlleleSearch_2024_PMC10811916
NA19920	nudt15	*1/*1	StarAlleleSearch_2024_PMC10811916
NA19920	slco1b1	*1/*37	StarAlleleSearch_2024_PMC10811916
NA19920	tpmt	*1/*3C	GeTRM_Consolidated_2025_PMID40122159
NA19920	vkorc1	GG	GeTRM_Consolidated_2025_PMID40122159
